model,threshold,true_negatives,false_positives,false_negatives,true_positives,business_cost,precision,recall,f1
Logistic Regression,0.01,791,6938,0,271,6938,0.03759189901511999,1.0,0.07245989304812835
Logistic Regression,0.02,1492,6237,1,270,6247,0.04149377593360996,0.996309963099631,0.07966951903216288
Logistic Regression,0.03,1939,5790,1,270,5800,0.04455445544554455,0.996309963099631,0.08529458221450008
Logistic Regression,0.04,2327,5402,1,270,5412,0.04760225669957687,0.996309963099631,0.09086320040383644
Logistic Regression,0.05,2636,5093,1,270,5103,0.050344956181241844,0.996309963099631,0.09584664536741214
Logistic Regression,0.06,2920,4809,1,270,4819,0.05316007088009451,0.996309963099631,0.10093457943925234
Logistic Regression,0.07,3152,4577,1,270,4587,0.05570455952135341,0.996309963099631,0.10550996483001172
Logistic Regression,0.08,3365,4364,1,270,4374,0.05826499784203712,0.996309963099631,0.11009174311926606
Logistic Regression,0.09,3580,4149,1,270,4159,0.06109979633401222,0.996309963099631,0.11513859275053305
Logistic Regression,0.1,3747,3982,3,268,4012,0.06305882352941176,0.988929889298893,0.11855784118557841
Logistic Regression,0.11,3917,3812,4,267,3852,0.0654572199068399,0.985239852398524,0.12275862068965518
Logistic Regression,0.12,4057,3672,4,267,3712,0.06778370144706779,0.985239852398524,0.12684085510688836
Logistic Regression,0.13,4191,3538,6,265,3598,0.06968183013410466,0.977859778597786,0.13009327442317134
Logistic Regression,0.14,4338,3391,7,264,3461,0.07222982216142271,0.974169741697417,0.13448802852776362
Logistic Regression,0.15,4463,3266,7,264,3336,0.07478753541076487,0.974169741697417,0.13891081294396213
Logistic Regression,0.16,4614,3115,8,263,3195,0.0778567199526347,0.9704797047970479,0.1441490819402576
Logistic Regression,0.17,4719,3010,8,263,3090,0.08035441490986862,0.9704797047970479,0.14841986455981943
Logistic Regression,0.18,4815,2914,8,263,2994,0.08278249921309411,0.9704797047970479,0.1525522041763341
Logistic Regression,0.19,4918,2811,10,261,2911,0.0849609375,0.9630996309963099,0.15614717319772659
Logistic Regression,0.2,5023,2706,10,261,2806,0.08796764408493428,0.9630996309963099,0.1612106238418777
Logistic Regression,0.21,5098,2631,11,260,2741,0.08993427879626427,0.959409594095941,0.1644528779253637
Logistic Regression,0.22,5191,2538,12,259,2658,0.09259921344297461,0.955719557195572,0.16883963494132986
Logistic Regression,0.23,5281,2448,12,259,2568,0.09567787218322867,0.955719557195572,0.17394224311618536
Logistic Regression,0.24,5357,2372,12,259,2492,0.0984416571645762,0.955719557195572,0.17849758787043418
Logistic Regression,0.25,5431,2298,12,259,2418,0.10129057489245209,0.955719557195572,0.18316831683168316
Logistic Regression,0.26,5514,2215,15,256,2365,0.10360178065560502,0.9446494464944649,0.18672501823486506
Logistic Regression,0.27,5591,2138,18,253,2318,0.10581346716854872,0.933579335793358,0.19008264462809918
Logistic Regression,0.28,5655,2074,20,251,2274,0.10795698924731183,0.9261992619926199,0.1933744221879815
Logistic Regression,0.29,5716,2013,20,251,2213,0.11086572438162544,0.9261992619926199,0.1980276134122288
Logistic Regression,0.3,5769,1960,21,250,2170,0.11312217194570136,0.922509225092251,0.2015316404675534
Logistic Regression,0.31,5831,1898,22,249,2118,0.1159757801583605,0.9188191881918819,0.20595533498759305
Logistic Regression,0.32,5892,1837,22,249,2057,0.11936720997123682,0.9188191881918819,0.21128553245651252
Logistic Regression,0.33,5940,1789,22,249,2009,0.12217860647693818,0.9188191881918819,0.21567778258986575
Logistic Regression,0.34,5988,1741,22,249,1961,0.12512562814070352,0.9188191881918819,0.22025652366209642
Logistic Regression,0.35,6036,1693,23,248,1923,0.12776919113858837,0.915129151291513,0.22423146473779385
Logistic Regression,0.36,6086,1643,23,248,1873,0.13114754098360656,0.915129151291513,0.2294172062904718
Logistic Regression,0.37,6130,1599,23,248,1829,0.13427179209528967,0.915129151291513,0.23418319169027385
Logistic Regression,0.38,6178,1551,25,246,1801,0.13689482470784642,0.9077490774907749,0.2379110251450677
Logistic Regression,0.39,6222,1507,26,245,1767,0.13984018264840184,0.9040590405904059,0.2422145328719723
Logistic Regression,0.4,6266,1463,27,244,1733,0.14294083186877563,0.9003690036900369,0.24671385237613752
Logistic Regression,0.41,6310,1419,27,244,1689,0.14672279013830428,0.9003690036900369,0.25232678386763185
Logistic Regression,0.42,6349,1380,28,243,1660,0.14972273567467653,0.8966789667896679,0.2565997888067582
Logistic Regression,0.43,6401,1328,29,242,1618,0.15414012738853503,0.8929889298892989,0.26290059750135797
Logistic Regression,0.44,6440,1289,32,239,1609,0.15641361256544503,0.8819188191881919,0.26570316842690384
Logistic Regression,0.45,6468,1261,34,237,1601,0.1582109479305741,0.8745387453874539,0.2679479932165065
Logistic Regression,0.46,6507,1222,36,235,1582,0.16129032258064516,0.8671586715867159,0.27199074074074076
Logistic Regression,0.47,6545,1184,37,234,1554,0.16502115655853314,0.8634686346863468,0.27708703374777977
Logistic Regression,0.48,6578,1151,38,233,1531,0.16835260115606937,0.8597785977859779,0.28157099697885196
Logistic Regression,0.49,6604,1125,40,231,1525,0.17035398230088494,0.8523985239852399,0.28395820528580207
Logistic Regression,0.5,6639,1090,42,229,1510,0.17361637604245642,0.8450184501845018,0.2880503144654088
Logistic Regression,0.51,6671,1058,45,226,1508,0.17601246105919002,0.8339483394833949,0.2906752411575563
Logistic Regression,0.52,6698,1031,46,225,1491,0.17914012738853502,0.8302583025830258,0.29469548133595286
Logistic Regression,0.53,6730,999,46,225,1459,0.18382352941176472,0.8302583025830258,0.3010033444816054
Logistic Regression,0.54,6758,971,47,224,1441,0.18744769874476988,0.8265682656826568,0.30559345156889495
Logistic Regression,0.55,6783,946,47,224,1416,0.19145299145299147,0.8265682656826568,0.3108952116585704
Logistic Regression,0.56,6813,916,48,223,1396,0.1957857769973661,0.8228782287822878,0.31631205673758866
Logistic Regression,0.57,6841,888,51,220,1398,0.19855595667870035,0.8118081180811808,0.31907179115300943
Logistic Regression,0.58,6860,869,55,216,1419,0.19907834101382488,0.7970479704797048,0.3185840707964602
Logistic Regression,0.59,6880,849,57,214,1419,0.2013170272812794,0.7896678966789668,0.32083958020989506
Logistic Regression,0.6,6912,817,58,213,1397,0.20679611650485438,0.7859778597785978,0.32744043043812454
Logistic Regression,0.61,6932,797,60,211,1397,0.20932539682539683,0.7785977859778598,0.3299452697419859
Logistic Regression,0.62,6969,760,64,207,1400,0.2140641158221303,0.7638376383763837,0.3344103392568659
Logistic Regression,0.63,6990,739,65,206,1389,0.21798941798941798,0.7601476014760148,0.33881578947368424
Logistic Regression,0.64,7010,719,67,204,1389,0.2210184182015168,0.7527675276752768,0.3417085427135678
Logistic Regression,0.65,7033,696,68,203,1376,0.22580645161290322,0.7490774907749077,0.347008547008547
Logistic Regression,0.66,7063,666,68,203,1346,0.2336018411967779,0.7490774907749077,0.356140350877193
Logistic Regression,0.67,7087,642,69,202,1332,0.23933649289099526,0.7453874538745388,0.36233183856502243
Logistic Regression,0.68,7106,623,72,199,1343,0.24209245742092458,0.7343173431734318,0.36413540713632203
Logistic Regression,0.69,7129,600,76,195,1360,0.24528301886792453,0.7195571955719557,0.36585365853658536
Logistic Regression,0.7,7156,573,79,192,1363,0.25098039215686274,0.7084870848708487,0.37065637065637064
Logistic Regression,0.71,7181,548,80,191,1348,0.2584573748308525,0.7047970479704797,0.3782178217821782
Logistic Regression,0.72,7196,533,80,191,1333,0.2638121546961326,0.7047970479704797,0.38391959798994973
Logistic Regression,0.73,7217,512,84,187,1352,0.2675250357653791,0.6900369003690037,0.38556701030927837
Logistic Regression,0.74,7239,490,87,184,1360,0.27299703264094954,0.6789667896678967,0.38941798941798944
Logistic Regression,0.75,7260,469,87,184,1339,0.28177641653905056,0.6789667896678967,0.39826839826839827
Logistic Regression,0.76,7288,441,89,182,1331,0.29213483146067415,0.6715867158671587,0.407158836689038
Logistic Regression,0.77,7309,420,90,181,1320,0.3011647254575707,0.6678966789667896,0.4151376146788991
Logistic Regression,0.78,7326,403,92,179,1323,0.3075601374570447,0.6605166051660517,0.4196951934349355
Logistic Regression,0.79,7346,383,94,177,1323,0.31607142857142856,0.6531365313653137,0.4259927797833935
Logistic Regression,0.8,7369,360,96,175,1320,0.32710280373831774,0.6457564575645757,0.43424317617866004
Logistic Regression,0.81,7390,339,98,173,1319,0.337890625,0.6383763837638377,0.44189016602809705
Logistic Regression,0.82,7412,317,100,171,1317,0.35040983606557374,0.6309963099630996,0.4505928853754941
Logistic Regression,0.83,7434,295,103,168,1325,0.36285097192224625,0.6199261992619927,0.45776566757493187
Logistic Regression,0.84,7454,275,104,167,1315,0.3778280542986425,0.6162361623616236,0.4684431977559607
Logistic Regression,0.85,7477,252,111,160,1362,0.3883495145631068,0.5904059040590406,0.4685212298682284
Logistic Regression,0.86,7497,232,117,154,1402,0.39896373056994816,0.5682656826568265,0.4687975646879756
Logistic Regression,0.87,7509,220,123,148,1450,0.40217391304347827,0.5461254612546126,0.46322378716744916
Logistic Regression,0.88,7521,208,128,143,1488,0.4074074074074074,0.5276752767527675,0.45980707395498394
Logistic Regression,0.89,7536,193,134,137,1533,0.41515151515151516,0.5055350553505535,0.4559068219633943
Logistic Regression,0.9,7554,175,140,131,1575,0.42810457516339867,0.4833948339483395,0.4540727902946274
Logistic Regression,0.91,7581,148,148,123,1628,0.45387453874538747,0.45387453874538747,0.45387453874538747
Logistic Regression,0.92,7598,131,154,117,1671,0.4717741935483871,0.4317343173431734,0.4508670520231214
Logistic Regression,0.93,7615,114,160,111,1714,0.49333333333333335,0.4095940959409594,0.4475806451612903
Logistic Regression,0.94,7636,93,166,105,1753,0.5303030303030303,0.3874538745387454,0.44776119402985076
Logistic Regression,0.95,7652,77,178,93,1857,0.5470588235294118,0.34317343173431736,0.4217687074829932
Logistic Regression,0.96,7665,64,188,83,1944,0.564625850340136,0.3062730627306273,0.39712918660287083
Logistic Regression,0.97,7686,43,198,73,2023,0.6293103448275862,0.2693726937269373,0.3772609819121447
Logistic Regression,0.98,7705,24,209,62,2114,0.7209302325581395,0.22878228782287824,0.3473389355742297
Logistic Regression,0.99,7717,12,229,42,2302,0.7777777777777778,0.15498154981549817,0.25846153846153846
Decision Tree,0.01,6266,1463,22,249,1683,0.14544392523364486,0.9188191881918819,0.25113464447806355
Decision Tree,0.02,6266,1463,22,249,1683,0.14544392523364486,0.9188191881918819,0.25113464447806355
Decision Tree,0.03,6266,1463,22,249,1683,0.14544392523364486,0.9188191881918819,0.25113464447806355
Decision Tree,0.04,6757,972,23,248,1202,0.20327868852459016,0.915129151291513,0.33266264252179745
Decision Tree,0.05,6757,972,23,248,1202,0.20327868852459016,0.915129151291513,0.33266264252179745
Decision Tree,0.06,6757,972,23,248,1202,0.20327868852459016,0.915129151291513,0.33266264252179745
Decision Tree,0.07,7100,629,25,246,879,0.28114285714285714,0.9077490774907749,0.4293193717277487
Decision Tree,0.08,7100,629,25,246,879,0.28114285714285714,0.9077490774907749,0.4293193717277487
Decision Tree,0.09,7100,629,25,246,879,0.28114285714285714,0.9077490774907749,0.4293193717277487
Decision Tree,0.1,7226,503,25,246,753,0.32843791722296395,0.9077490774907749,0.4823529411764706
Decision Tree,0.11,7226,503,25,246,753,0.32843791722296395,0.9077490774907749,0.4823529411764706
Decision Tree,0.12,7226,503,25,246,753,0.32843791722296395,0.9077490774907749,0.4823529411764706
Decision Tree,0.13,7226,503,25,246,753,0.32843791722296395,0.9077490774907749,0.4823529411764706
Decision Tree,0.14,7226,503,25,246,753,0.32843791722296395,0.9077490774907749,0.4823529411764706
Decision Tree,0.15,7226,503,25,246,753,0.32843791722296395,0.9077490774907749,0.4823529411764706
Decision Tree,0.16,7226,503,25,246,753,0.32843791722296395,0.9077490774907749,0.4823529411764706
Decision Tree,0.17,7226,503,25,246,753,0.32843791722296395,0.9077490774907749,0.4823529411764706
Decision Tree,0.18,7226,503,25,246,753,0.32843791722296395,0.9077490774907749,0.4823529411764706
Decision Tree,0.19,7226,503,25,246,753,0.32843791722296395,0.9077490774907749,0.4823529411764706
Decision Tree,0.2,7226,503,25,246,753,0.32843791722296395,0.9077490774907749,0.4823529411764706
Decision Tree,0.21,7226,503,25,246,753,0.32843791722296395,0.9077490774907749,0.4823529411764706
Decision Tree,0.22,7226,503,25,246,753,0.32843791722296395,0.9077490774907749,0.4823529411764706
Decision Tree,0.23,7226,503,25,246,753,0.32843791722296395,0.9077490774907749,0.4823529411764706
Decision Tree,0.24,7226,503,25,246,753,0.32843791722296395,0.9077490774907749,0.4823529411764706
Decision Tree,0.25,7226,503,25,246,753,0.32843791722296395,0.9077490774907749,0.4823529411764706
Decision Tree,0.26,7226,503,25,246,753,0.32843791722296395,0.9077490774907749,0.4823529411764706
Decision Tree,0.27,7292,437,26,245,697,0.3592375366568915,0.9040590405904059,0.5141657922350472
Decision Tree,0.28,7292,437,26,245,697,0.3592375366568915,0.9040590405904059,0.5141657922350472
Decision Tree,0.29,7292,437,26,245,697,0.3592375366568915,0.9040590405904059,0.5141657922350472
Decision Tree,0.3,7385,344,26,245,604,0.4159592529711375,0.9040590405904059,0.5697674418604651
Decision Tree,0.31,7385,344,26,245,604,0.4159592529711375,0.9040590405904059,0.5697674418604651
Decision Tree,0.32,7385,344,26,245,604,0.4159592529711375,0.9040590405904059,0.5697674418604651
Decision Tree,0.33,7385,344,26,245,604,0.4159592529711375,0.9040590405904059,0.5697674418604651
Decision Tree,0.34,7385,344,26,245,604,0.4159592529711375,0.9040590405904059,0.5697674418604651
Decision Tree,0.35,7385,344,26,245,604,0.4159592529711375,0.9040590405904059,0.5697674418604651
Decision Tree,0.36,7385,344,26,245,604,0.4159592529711375,0.9040590405904059,0.5697674418604651
Decision Tree,0.37,7385,344,26,245,604,0.4159592529711375,0.9040590405904059,0.5697674418604651
Decision Tree,0.38,7385,344,26,245,604,0.4159592529711375,0.9040590405904059,0.5697674418604651
Decision Tree,0.39,7385,344,26,245,604,0.4159592529711375,0.9040590405904059,0.5697674418604651
Decision Tree,0.4,7385,344,26,245,604,0.4159592529711375,0.9040590405904059,0.5697674418604651
Decision Tree,0.41,7385,344,26,245,604,0.4159592529711375,0.9040590405904059,0.5697674418604651
Decision Tree,0.42,7385,344,26,245,604,0.4159592529711375,0.9040590405904059,0.5697674418604651
Decision Tree,0.43,7385,344,26,245,604,0.4159592529711375,0.9040590405904059,0.5697674418604651
Decision Tree,0.44,7385,344,26,245,604,0.4159592529711375,0.9040590405904059,0.5697674418604651
Decision Tree,0.45,7385,344,26,245,604,0.4159592529711375,0.9040590405904059,0.5697674418604651
Decision Tree,0.46,7385,344,26,245,604,0.4159592529711375,0.9040590405904059,0.5697674418604651
Decision Tree,0.47,7385,344,26,245,604,0.4159592529711375,0.9040590405904059,0.5697674418604651
Decision Tree,0.48,7385,344,26,245,604,0.4159592529711375,0.9040590405904059,0.5697674418604651
Decision Tree,0.49,7385,344,26,245,604,0.4159592529711375,0.9040590405904059,0.5697674418604651
Decision Tree,0.5,7385,344,26,245,604,0.4159592529711375,0.9040590405904059,0.5697674418604651
Decision Tree,0.51,7385,344,26,245,604,0.4159592529711375,0.9040590405904059,0.5697674418604651
Decision Tree,0.52,7385,344,26,245,604,0.4159592529711375,0.9040590405904059,0.5697674418604651
Decision Tree,0.53,7385,344,26,245,604,0.4159592529711375,0.9040590405904059,0.5697674418604651
Decision Tree,0.54,7385,344,26,245,604,0.4159592529711375,0.9040590405904059,0.5697674418604651
Decision Tree,0.55,7385,344,26,245,604,0.4159592529711375,0.9040590405904059,0.5697674418604651
Decision Tree,0.56,7385,344,26,245,604,0.4159592529711375,0.9040590405904059,0.5697674418604651
Decision Tree,0.57,7385,344,26,245,604,0.4159592529711375,0.9040590405904059,0.5697674418604651
Decision Tree,0.58,7385,344,26,245,604,0.4159592529711375,0.9040590405904059,0.5697674418604651
Decision Tree,0.59,7385,344,26,245,604,0.4159592529711375,0.9040590405904059,0.5697674418604651
Decision Tree,0.6,7385,344,26,245,604,0.4159592529711375,0.9040590405904059,0.5697674418604651
Decision Tree,0.61,7385,344,26,245,604,0.4159592529711375,0.9040590405904059,0.5697674418604651
Decision Tree,0.62,7385,344,26,245,604,0.4159592529711375,0.9040590405904059,0.5697674418604651
Decision Tree,0.63,7385,344,26,245,604,0.4159592529711375,0.9040590405904059,0.5697674418604651
Decision Tree,0.64,7385,344,26,245,604,0.4159592529711375,0.9040590405904059,0.5697674418604651
Decision Tree,0.65,7385,344,26,245,604,0.4159592529711375,0.9040590405904059,0.5697674418604651
Decision Tree,0.66,7385,344,26,245,604,0.4159592529711375,0.9040590405904059,0.5697674418604651
Decision Tree,0.67,7385,344,26,245,604,0.4159592529711375,0.9040590405904059,0.5697674418604651
Decision Tree,0.68,7408,321,26,245,581,0.43286219081272087,0.9040590405904059,0.5854241338112306
Decision Tree,0.69,7408,321,26,245,581,0.43286219081272087,0.9040590405904059,0.5854241338112306
Decision Tree,0.7,7447,282,29,242,572,0.4618320610687023,0.8929889298892989,0.6088050314465409
Decision Tree,0.71,7447,282,29,242,572,0.4618320610687023,0.8929889298892989,0.6088050314465409
Decision Tree,0.72,7447,282,29,242,572,0.4618320610687023,0.8929889298892989,0.6088050314465409
Decision Tree,0.73,7447,282,29,242,572,0.4618320610687023,0.8929889298892989,0.6088050314465409
Decision Tree,0.74,7447,282,29,242,572,0.4618320610687023,0.8929889298892989,0.6088050314465409
Decision Tree,0.75,7542,187,37,234,557,0.5558194774346793,0.8634686346863468,0.6763005780346821
Decision Tree,0.76,7631,98,43,228,528,0.6993865030674846,0.8413284132841329,0.7638190954773869
Decision Tree,0.77,7631,98,43,228,528,0.6993865030674846,0.8413284132841329,0.7638190954773869
Decision Tree,0.78,7631,98,43,228,528,0.6993865030674846,0.8413284132841329,0.7638190954773869
Decision Tree,0.79,7631,98,43,228,528,0.6993865030674846,0.8413284132841329,0.7638190954773869
Decision Tree,0.8,7631,98,43,228,528,0.6993865030674846,0.8413284132841329,0.7638190954773869
Decision Tree,0.81,7631,98,43,228,528,0.6993865030674846,0.8413284132841329,0.7638190954773869
Decision Tree,0.82,7639,90,44,227,530,0.7160883280757098,0.8376383763837638,0.7721088435374149
Decision Tree,0.83,7639,90,44,227,530,0.7160883280757098,0.8376383763837638,0.7721088435374149
Decision Tree,0.84,7669,60,50,221,560,0.7864768683274022,0.8154981549815498,0.8007246376811594
Decision Tree,0.85,7669,60,50,221,560,0.7864768683274022,0.8154981549815498,0.8007246376811594
Decision Tree,0.86,7678,51,50,221,551,0.8125,0.8154981549815498,0.8139963167587477
Decision Tree,0.87,7678,51,50,221,551,0.8125,0.8154981549815498,0.8139963167587477
Decision Tree,0.88,7694,35,53,218,565,0.8616600790513834,0.8044280442804428,0.8320610687022901
Decision Tree,0.89,7694,35,53,218,565,0.8616600790513834,0.8044280442804428,0.8320610687022901
Decision Tree,0.9,7694,35,53,218,565,0.8616600790513834,0.8044280442804428,0.8320610687022901
Decision Tree,0.91,7694,35,53,218,565,0.8616600790513834,0.8044280442804428,0.8320610687022901
Decision Tree,0.92,7695,34,57,214,604,0.8629032258064516,0.7896678966789668,0.8246628131021194
Decision Tree,0.93,7695,34,57,214,604,0.8629032258064516,0.7896678966789668,0.8246628131021194
Decision Tree,0.94,7701,28,58,213,608,0.8838174273858921,0.7859778597785978,0.83203125
Decision Tree,0.95,7701,28,58,213,608,0.8838174273858921,0.7859778597785978,0.83203125
Decision Tree,0.96,7708,21,61,210,631,0.9090909090909091,0.7749077490774908,0.8366533864541833
Decision Tree,0.97,7710,19,66,205,679,0.9151785714285714,0.7564575645756457,0.8282828282828283
Decision Tree,0.98,7712,17,66,205,677,0.9234234234234234,0.7564575645756457,0.8316430020283976
Decision Tree,0.99,7713,16,66,205,676,0.9276018099547512,0.7564575645756457,0.8333333333333334
Random Forest,0.01,5230,2499,6,265,2559,0.09587554269175108,0.977859778597786,0.17462932454695224
Random Forest,0.02,6159,1570,7,264,1640,0.14394765539803708,0.974169741697417,0.2508313539192399
Random Forest,0.03,6564,1165,7,264,1235,0.1847445766270119,0.974169741697417,0.31058823529411766
Random Forest,0.04,6773,956,8,263,1036,0.21575061525840852,0.9704797047970479,0.3530201342281879
Random Forest,0.05,6893,836,9,262,926,0.23861566484517305,0.966789667896679,0.38276113951789625
Random Forest,0.06,6971,758,9,262,848,0.2568627450980392,0.966789667896679,0.4058869093725794
Random Forest,0.07,7038,691,11,260,801,0.2733964248159832,0.959409594095941,0.425531914893617
Random Forest,0.08,7085,644,12,259,764,0.2868217054263566,0.955719557195572,0.44122657580919933
Random Forest,0.09,7132,597,12,259,717,0.30257009345794394,0.955719557195572,0.45962732919254656
Random Forest,0.1,7174,555,15,256,705,0.3156596794081381,0.9446494464944649,0.4731977818853974
Random Forest,0.11,7217,512,15,256,662,0.3333333333333333,0.9446494464944649,0.49278152069297404
Random Forest,0.12,7251,478,15,256,628,0.34877384196185285,0.9446494464944649,0.5094527363184079
Random Forest,0.13,7293,436,17,254,606,0.3681159420289855,0.9372693726937269,0.5286160249739854
Random Forest,0.14,7315,414,19,252,604,0.3783783783783784,0.9298892988929889,0.5378868729989328
Random Forest,0.15,7349,380,21,250,590,0.3968253968253968,0.922509225092251,0.5549389567147613
Random Forest,0.16,7384,345,24,247,585,0.4172297297297297,0.9114391143911439,0.5724217844727694
Random Forest,0.17,7406,323,26,245,583,0.43133802816901406,0.9040590405904059,0.5840286054827175
Random Forest,0.18,7424,305,26,245,565,0.44545454545454544,0.9040590405904059,0.5968331303288672
Random Forest,0.19,7454,275,26,245,535,0.47115384615384615,0.9040590405904059,0.6194690265486725
Random Forest,0.2,7470,259,29,242,549,0.48303393213572854,0.8929889298892989,0.6269430051813472
Random Forest,0.21,7496,233,31,240,543,0.507399577167019,0.8856088560885609,0.6451612903225806
Random Forest,0.22,7512,217,32,239,537,0.5241228070175439,0.8819188191881919,0.657496561210454
Random Forest,0.23,7523,206,34,237,546,0.5349887133182845,0.8745387453874539,0.6638655462184874
Random Forest,0.24,7548,181,35,236,531,0.565947242206235,0.8708487084870848,0.686046511627907
Random Forest,0.25,7567,162,36,235,522,0.5919395465994962,0.8671586715867159,0.7035928143712575
Random Forest,0.26,7582,147,37,234,517,0.6141732283464567,0.8634686346863468,0.7177914110429447
Random Forest,0.27,7589,140,37,234,510,0.6256684491978609,0.8634686346863468,0.7255813953488373
Random Forest,0.28,7604,125,39,232,515,0.6498599439775911,0.8560885608856088,0.7388535031847133
Random Forest,0.29,7612,117,40,231,517,0.6637931034482759,0.8523985239852399,0.7463651050080775
Random Forest,0.3,7624,105,41,230,515,0.6865671641791045,0.8487084870848709,0.759075907590759
Random Forest,0.31,7633,96,41,230,506,0.7055214723926381,0.8487084870848709,0.7705192629815746
Random Forest,0.32,7642,87,42,229,507,0.7246835443037974,0.8450184501845018,0.7802385008517888
Random Forest,0.33,7654,75,42,229,495,0.7532894736842105,0.8450184501845018,0.7965217391304348
Random Forest,0.34,7661,68,43,228,498,0.7702702702702703,0.8413284132841329,0.8042328042328042
Random Forest,0.35,7667,62,44,227,502,0.7854671280276817,0.8376383763837638,0.8107142857142857
Random Forest,0.36,7670,59,44,227,499,0.7937062937062938,0.8376383763837638,0.8150807899461401
Random Forest,0.37,7672,57,46,225,517,0.7978723404255319,0.8302583025830258,0.8137432188065099
Random Forest,0.38,7676,53,49,222,543,0.8072727272727273,0.8191881918819188,0.8131868131868132
Random Forest,0.39,7681,48,50,221,548,0.8215613382899628,0.8154981549815498,0.8185185185185185
Random Forest,0.4,7687,42,51,220,552,0.8396946564885496,0.8118081180811808,0.8255159474671669
Random Forest,0.41,7691,38,52,219,558,0.8521400778210116,0.8081180811808119,0.8295454545454546
Random Forest,0.42,7694,35,55,216,585,0.8605577689243028,0.7970479704797048,0.8275862068965517
Random Forest,0.43,7695,34,55,216,584,0.864,0.7970479704797048,0.8291746641074856
Random Forest,0.44,7696,33,57,214,603,0.8663967611336032,0.7896678966789668,0.8262548262548263
Random Forest,0.45,7702,27,57,214,597,0.8879668049792531,0.7896678966789668,0.8359375
Random Forest,0.46,7704,25,58,213,605,0.8949579831932774,0.7859778597785978,0.8369351669941061
Random Forest,0.47,7705,24,59,212,614,0.8983050847457628,0.7822878228782287,0.8362919132149902
Random Forest,0.48,7707,22,63,208,652,0.9043478260869565,0.7675276752767528,0.8303393213572854
Random Forest,0.49,7709,20,65,206,670,0.911504424778761,0.7601476014760148,0.8289738430583501
Random Forest,0.5,7710,19,65,206,669,0.9155555555555556,0.7601476014760148,0.8306451612903226
Random Forest,0.51,7713,16,65,206,666,0.9279279279279279,0.7601476014760148,0.8356997971602435
Random Forest,0.52,7715,14,66,205,674,0.9360730593607306,0.7564575645756457,0.8367346938775511
Random Forest,0.53,7717,12,69,202,702,0.9439252336448598,0.7453874538745388,0.8329896907216495
Random Forest,0.54,7717,12,69,202,702,0.9439252336448598,0.7453874538745388,0.8329896907216495
Random Forest,0.55,7720,9,70,201,709,0.9571428571428572,0.7416974169741697,0.8357588357588358
Random Forest,0.56,7721,8,71,200,718,0.9615384615384616,0.7380073800738007,0.8350730688935282
Random Forest,0.57,7721,8,74,197,748,0.9609756097560975,0.7269372693726938,0.8277310924369747
Random Forest,0.58,7721,8,75,196,758,0.9607843137254902,0.7232472324723247,0.8252631578947368
Random Forest,0.59,7722,7,76,195,767,0.9653465346534653,0.7195571955719557,0.8245243128964059
Random Forest,0.6,7722,7,80,191,807,0.9646464646464646,0.7047970479704797,0.814498933901919
Random Forest,0.61,7722,7,87,184,877,0.9633507853403142,0.6789667896678967,0.7965367965367965
Random Forest,0.62,7722,7,90,181,907,0.9627659574468085,0.6678966789667896,0.7886710239651417
Random Forest,0.63,7722,7,92,179,927,0.9623655913978495,0.6605166051660517,0.7833698030634574
Random Forest,0.64,7722,7,96,175,967,0.9615384615384616,0.6457564575645757,0.7726269315673289
Random Forest,0.65,7723,6,98,173,986,0.9664804469273743,0.6383763837638377,0.7688888888888888
Random Forest,0.66,7724,5,102,169,1025,0.9712643678160919,0.6236162361623616,0.7595505617977528
Random Forest,0.67,7724,5,107,164,1075,0.9704142011834319,0.6051660516605166,0.7454545454545455
Random Forest,0.68,7724,5,108,163,1085,0.9702380952380952,0.6014760147601476,0.7425968109339408
Random Forest,0.69,7725,4,110,161,1104,0.9757575757575757,0.5940959409594095,0.7385321100917431
Random Forest,0.7,7725,4,112,159,1124,0.9754601226993865,0.5867158671586716,0.7327188940092166
Random Forest,0.71,7725,4,115,156,1154,0.975,0.5756457564575646,0.7238979118329466
Random Forest,0.72,7725,4,119,152,1194,0.9743589743589743,0.5608856088560885,0.711943793911007
Random Forest,0.73,7725,4,124,147,1244,0.9735099337748344,0.5424354243542435,0.6966824644549763
Random Forest,0.74,7726,3,130,141,1303,0.9791666666666666,0.5202952029520295,0.6795180722891566
Random Forest,0.75,7726,3,133,138,1333,0.9787234042553191,0.5092250922509225,0.6699029126213593
Random Forest,0.76,7728,1,138,133,1381,0.9925373134328358,0.4907749077490775,0.6567901234567901
Random Forest,0.77,7729,0,139,132,1390,1.0,0.4870848708487085,0.6550868486352357
Random Forest,0.78,7729,0,142,129,1420,1.0,0.47601476014760147,0.645
Random Forest,0.79,7729,0,144,127,1440,1.0,0.46863468634686345,0.6381909547738693
Random Forest,0.8,7729,0,150,121,1500,1.0,0.44649446494464945,0.6173469387755102
Random Forest,0.81,7729,0,158,113,1580,1.0,0.41697416974169743,0.5885416666666666
Random Forest,0.82,7729,0,164,107,1640,1.0,0.3948339483394834,0.5661375661375662
Random Forest,0.83,7729,0,170,101,1700,1.0,0.3726937269372694,0.543010752688172
Random Forest,0.84,7729,0,177,94,1770,1.0,0.34686346863468637,0.5150684931506849
Random Forest,0.85,7729,0,182,89,1820,1.0,0.3284132841328413,0.49444444444444446
Random Forest,0.86,7729,0,189,82,1890,1.0,0.3025830258302583,0.46458923512747874
Random Forest,0.87,7729,0,195,76,1950,1.0,0.28044280442804426,0.43804034582132567
Random Forest,0.88,7729,0,202,69,2020,1.0,0.25461254612546125,0.40588235294117647
Random Forest,0.89,7729,0,203,68,2030,1.0,0.25092250922509224,0.40117994100294985
Random Forest,0.9,7729,0,215,56,2150,1.0,0.2066420664206642,0.3425076452599388
Random Forest,0.91,7729,0,219,52,2190,1.0,0.1918819188191882,0.3219814241486068
Random Forest,0.92,7729,0,224,47,2240,1.0,0.17343173431734318,0.29559748427672955
Random Forest,0.93,7729,0,233,38,2330,1.0,0.14022140221402213,0.2459546925566343
Random Forest,0.94,7729,0,241,30,2410,1.0,0.11070110701107011,0.19933554817275748
Random Forest,0.95,7729,0,247,24,2470,1.0,0.08856088560885608,0.16271186440677965
Random Forest,0.96,7729,0,252,19,2520,1.0,0.07011070110701106,0.1310344827586207
Random Forest,0.97,7729,0,264,7,2640,1.0,0.025830258302583026,0.050359712230215826
Random Forest,0.98,7729,0,268,3,2680,1.0,0.01107011070110701,0.021897810218978103
Random Forest,0.99,7729,0,269,2,2690,1.0,0.007380073800738007,0.014652014652014652
Hist Gradient Boosting,0.01,7172,557,19,252,747,0.311495673671199,0.9298892988929889,0.4666666666666667
Hist Gradient Boosting,0.02,7334,395,23,248,625,0.3856920684292379,0.915129151291513,0.5426695842450766
Hist Gradient Boosting,0.03,7424,305,28,243,585,0.44343065693430656,0.8966789667896679,0.5934065934065934
Hist Gradient Boosting,0.04,7479,250,29,242,540,0.491869918699187,0.8929889298892989,0.6343381389252949
Hist Gradient Boosting,0.05,7510,219,32,239,539,0.5218340611353712,0.8819188191881919,0.6556927297668038
Hist Gradient Boosting,0.06,7535,194,32,239,514,0.5519630484988453,0.8819188191881919,0.6789772727272727
Hist Gradient Boosting,0.07,7556,173,34,237,513,0.5780487804878048,0.8745387453874539,0.6960352422907489
Hist Gradient Boosting,0.08,7575,154,36,235,514,0.6041131105398457,0.8671586715867159,0.7121212121212122
Hist Gradient Boosting,0.09,7581,148,36,235,508,0.6135770234986945,0.8671586715867159,0.7186544342507645
Hist Gradient Boosting,0.1,7594,135,36,235,495,0.6351351351351351,0.8671586715867159,0.733229329173167
Hist Gradient Boosting,0.11,7602,127,38,233,507,0.6472222222222223,0.8597785977859779,0.7385103011093502
Hist Gradient Boosting,0.12,7607,122,39,232,512,0.655367231638418,0.8560885608856088,0.7424
Hist Gradient Boosting,0.13,7614,115,41,230,525,0.6666666666666666,0.8487084870848709,0.7467532467532467
Hist Gradient Boosting,0.14,7619,110,41,230,520,0.6764705882352942,0.8487084870848709,0.7528641571194763
Hist Gradient Boosting,0.15,7625,104,42,229,524,0.6876876876876877,0.8450184501845018,0.7582781456953642
Hist Gradient Boosting,0.16,7629,100,43,228,530,0.6951219512195121,0.8413284132841329,0.7612687813021702
Hist Gradient Boosting,0.17,7631,98,43,228,528,0.6993865030674846,0.8413284132841329,0.7638190954773869
Hist Gradient Boosting,0.18,7638,91,45,226,541,0.7129337539432177,0.8339483394833949,0.7687074829931972
Hist Gradient Boosting,0.19,7641,88,45,226,538,0.7197452229299363,0.8339483394833949,0.7726495726495727
Hist Gradient Boosting,0.2,7643,86,46,225,546,0.7234726688102894,0.8302583025830258,0.7731958762886598
Hist Gradient Boosting,0.21,7644,85,46,225,545,0.7258064516129032,0.8302583025830258,0.774526678141136
Hist Gradient Boosting,0.22,7647,82,46,225,542,0.7328990228013029,0.8302583025830258,0.7785467128027682
Hist Gradient Boosting,0.23,7649,80,46,225,540,0.7377049180327869,0.8302583025830258,0.78125
Hist Gradient Boosting,0.24,7654,75,46,225,535,0.75,0.8302583025830258,0.7880910683012259
Hist Gradient Boosting,0.25,7656,73,47,224,543,0.7542087542087542,0.8265682656826568,0.7887323943661971
Hist Gradient Boosting,0.26,7659,70,48,223,550,0.7610921501706485,0.8228782287822878,0.7907801418439716
Hist Gradient Boosting,0.27,7662,67,48,223,547,0.7689655172413793,0.8228782287822878,0.7950089126559715
Hist Gradient Boosting,0.28,7665,64,49,222,554,0.7762237762237763,0.8191881918819188,0.7971274685816876
Hist Gradient Boosting,0.29,7669,60,49,222,550,0.7872340425531915,0.8191881918819188,0.8028933092224232
Hist Gradient Boosting,0.3,7670,59,49,222,549,0.7900355871886121,0.8191881918819188,0.8043478260869565
Hist Gradient Boosting,0.31,7671,58,49,222,548,0.7928571428571428,0.8191881918819188,0.8058076225045372
Hist Gradient Boosting,0.32,7671,58,49,222,548,0.7928571428571428,0.8191881918819188,0.8058076225045372
Hist Gradient Boosting,0.33,7673,56,49,222,546,0.7985611510791367,0.8191881918819188,0.8087431693989071
Hist Gradient Boosting,0.34,7675,54,49,222,544,0.8043478260869565,0.8191881918819188,0.8117001828153565
Hist Gradient Boosting,0.35,7677,52,49,222,542,0.8102189781021898,0.8191881918819188,0.8146788990825689
Hist Gradient Boosting,0.36,7678,51,49,222,541,0.8131868131868132,0.8191881918819188,0.8161764705882353
Hist Gradient Boosting,0.37,7681,48,49,222,538,0.8222222222222222,0.8191881918819188,0.8207024029574861
Hist Gradient Boosting,0.38,7682,47,49,222,537,0.8252788104089219,0.8191881918819188,0.8222222222222222
Hist Gradient Boosting,0.39,7682,47,49,222,537,0.8252788104089219,0.8191881918819188,0.8222222222222222
Hist Gradient Boosting,0.4,7685,44,50,221,544,0.8339622641509434,0.8154981549815498,0.8246268656716418
Hist Gradient Boosting,0.41,7687,42,50,221,542,0.8403041825095057,0.8154981549815498,0.8277153558052435
Hist Gradient Boosting,0.42,7688,41,50,221,541,0.8435114503816794,0.8154981549815498,0.8292682926829268
Hist Gradient Boosting,0.43,7689,40,50,221,540,0.8467432950191571,0.8154981549815498,0.8308270676691729
Hist Gradient Boosting,0.44,7691,38,50,221,538,0.8532818532818532,0.8154981549815498,0.8339622641509434
Hist Gradient Boosting,0.45,7691,38,50,221,538,0.8532818532818532,0.8154981549815498,0.8339622641509434
Hist Gradient Boosting,0.46,7694,35,50,221,535,0.86328125,0.8154981549815498,0.8387096774193549
Hist Gradient Boosting,0.47,7694,35,51,220,545,0.8627450980392157,0.8118081180811808,0.8365019011406845
Hist Gradient Boosting,0.48,7695,34,51,220,544,0.8661417322834646,0.8118081180811808,0.8380952380952381
Hist Gradient Boosting,0.49,7695,34,51,220,544,0.8661417322834646,0.8118081180811808,0.8380952380952381
Hist Gradient Boosting,0.5,7696,33,51,220,543,0.8695652173913043,0.8118081180811808,0.8396946564885496
Hist Gradient Boosting,0.51,7696,33,51,220,543,0.8695652173913043,0.8118081180811808,0.8396946564885496
Hist Gradient Boosting,0.52,7698,31,51,220,541,0.8764940239043825,0.8118081180811808,0.842911877394636
Hist Gradient Boosting,0.53,7698,31,51,220,541,0.8764940239043825,0.8118081180811808,0.842911877394636
Hist Gradient Boosting,0.54,7699,30,51,220,540,0.88,0.8118081180811808,0.8445297504798465
Hist Gradient Boosting,0.55,7699,30,52,219,550,0.8795180722891566,0.8081180811808119,0.8423076923076923
Hist Gradient Boosting,0.56,7700,29,52,219,549,0.8830645161290323,0.8081180811808119,0.8439306358381503
Hist Gradient Boosting,0.57,7700,29,52,219,549,0.8830645161290323,0.8081180811808119,0.8439306358381503
Hist Gradient Boosting,0.58,7701,28,52,219,548,0.8866396761133604,0.8081180811808119,0.8455598455598455
Hist Gradient Boosting,0.59,7702,27,53,218,557,0.889795918367347,0.8044280442804428,0.8449612403100775
Hist Gradient Boosting,0.6,7702,27,53,218,557,0.889795918367347,0.8044280442804428,0.8449612403100775
Hist Gradient Boosting,0.61,7702,27,53,218,557,0.889795918367347,0.8044280442804428,0.8449612403100775
Hist Gradient Boosting,0.62,7704,25,53,218,555,0.897119341563786,0.8044280442804428,0.8482490272373541
Hist Gradient Boosting,0.63,7705,24,54,217,564,0.9004149377593361,0.8007380073800738,0.84765625
Hist Gradient Boosting,0.64,7705,24,54,217,564,0.9004149377593361,0.8007380073800738,0.84765625
Hist Gradient Boosting,0.65,7706,23,54,217,563,0.9041666666666667,0.8007380073800738,0.8493150684931506
Hist Gradient Boosting,0.66,7706,23,54,217,563,0.9041666666666667,0.8007380073800738,0.8493150684931506
Hist Gradient Boosting,0.67,7707,22,54,217,562,0.9079497907949791,0.8007380073800738,0.8509803921568627
Hist Gradient Boosting,0.68,7708,21,54,217,561,0.9117647058823529,0.8007380073800738,0.8526522593320236
Hist Gradient Boosting,0.69,7710,19,54,217,559,0.9194915254237288,0.8007380073800738,0.8560157790927022
Hist Gradient Boosting,0.7,7710,19,54,217,559,0.9194915254237288,0.8007380073800738,0.8560157790927022
Hist Gradient Boosting,0.71,7710,19,54,217,559,0.9194915254237288,0.8007380073800738,0.8560157790927022
Hist Gradient Boosting,0.72,7710,19,54,217,559,0.9194915254237288,0.8007380073800738,0.8560157790927022
Hist Gradient Boosting,0.73,7710,19,54,217,559,0.9194915254237288,0.8007380073800738,0.8560157790927022
Hist Gradient Boosting,0.74,7710,19,54,217,559,0.9194915254237288,0.8007380073800738,0.8560157790927022
Hist Gradient Boosting,0.75,7710,19,54,217,559,0.9194915254237288,0.8007380073800738,0.8560157790927022
Hist Gradient Boosting,0.76,7710,19,54,217,559,0.9194915254237288,0.8007380073800738,0.8560157790927022
Hist Gradient Boosting,0.77,7710,19,54,217,559,0.9194915254237288,0.8007380073800738,0.8560157790927022
Hist Gradient Boosting,0.78,7711,18,54,217,558,0.9234042553191489,0.8007380073800738,0.857707509881423
Hist Gradient Boosting,0.79,7711,18,54,217,558,0.9234042553191489,0.8007380073800738,0.857707509881423
Hist Gradient Boosting,0.8,7711,18,54,217,558,0.9234042553191489,0.8007380073800738,0.857707509881423
Hist Gradient Boosting,0.81,7711,18,55,216,568,0.9230769230769231,0.7970479704797048,0.8554455445544554
Hist Gradient Boosting,0.82,7711,18,56,215,578,0.9227467811158798,0.7933579335793358,0.8531746031746031
Hist Gradient Boosting,0.83,7711,18,56,215,578,0.9227467811158798,0.7933579335793358,0.8531746031746031
Hist Gradient Boosting,0.84,7711,18,57,214,588,0.9224137931034483,0.7896678966789668,0.8508946322067594
Hist Gradient Boosting,0.85,7711,18,58,213,598,0.922077922077922,0.7859778597785978,0.848605577689243
Hist Gradient Boosting,0.86,7711,18,58,213,598,0.922077922077922,0.7859778597785978,0.848605577689243
Hist Gradient Boosting,0.87,7711,18,58,213,598,0.922077922077922,0.7859778597785978,0.848605577689243
Hist Gradient Boosting,0.88,7712,17,60,211,617,0.9254385964912281,0.7785977859778598,0.845691382765531
Hist Gradient Boosting,0.89,7712,17,62,209,637,0.9247787610619469,0.7712177121771218,0.8410462776659959
Hist Gradient Boosting,0.9,7712,17,65,206,667,0.9237668161434978,0.7601476014760148,0.8340080971659919
Hist Gradient Boosting,0.91,7712,17,65,206,667,0.9237668161434978,0.7601476014760148,0.8340080971659919
Hist Gradient Boosting,0.92,7713,16,68,203,696,0.9269406392694064,0.7490774907749077,0.8285714285714286
Hist Gradient Boosting,0.93,7714,15,70,201,715,0.9305555555555556,0.7416974169741697,0.8254620123203286
Hist Gradient Boosting,0.94,7715,14,72,199,734,0.9342723004694836,0.7343173431734318,0.8223140495867769
Hist Gradient Boosting,0.95,7716,13,74,197,753,0.9380952380952381,0.7269372693726938,0.8191268191268192
Hist Gradient Boosting,0.96,7716,13,76,195,773,0.9375,0.7195571955719557,0.81419624217119
Hist Gradient Boosting,0.97,7718,11,81,190,821,0.945273631840796,0.7011070110701108,0.8050847457627118
Hist Gradient Boosting,0.98,7718,11,87,184,881,0.9435897435897436,0.6789667896678967,0.7896995708154506
Hist Gradient Boosting,0.99,7721,8,99,172,998,0.9555555555555556,0.6346863468634686,0.7627494456762749
